"TIME","GEO","INDIC_DE","Value","Flag and Footnotes"
"1990","Belgium","Population on 1 January - total","9,947,782",""
"1990","Germany including former GDR","Population on 1 January - total","79,112,831",""
"1990","Spain","Population on 1 January - total","38,853,227",""
"1990","France","Population on 1 January - total","58,029,398",""
"1990","Italy","Population on 1 January - total","56,694,360",""
"1991","Belgium","Population on 1 January - total","9,986,975",""
"1991","Germany including former GDR","Population on 1 January - total","79,753,227",""
"1991","Spain","Population on 1 January - total","38,881,416",""
"1991","France","Population on 1 January - total","58,313,439",""
"1991","Italy","Population on 1 January - total","56,744,119",""
"1992","Belgium","Population on 1 January - total","10,021,997",""
"1992","Germany including former GDR","Population on 1 January - total","80,274,564",""
"1992","Spain","Population on 1 January - total","39,051,336",""
"1992","France","Population on 1 January - total","58,604,851",""
"1992","Italy","Population on 1 January - total","56,772,923",""
"1993","Belgium","Population on 1 January - total","10,068,319",""
"1993","Germany including former GDR","Population on 1 January - total","80,974,632",""
"1993","Spain","Population on 1 January - total","39,264,034",""
"1993","France","Population on 1 January - total","58,885,929",""
"1993","Italy","Population on 1 January - total","56,821,250",""
"1994","Belgium","Population on 1 January - total","10,100,631",""
"1994","Germany including former GDR","Population on 1 January - total","81,338,093",""
"1994","Spain","Population on 1 January - total","39,458,489",""
"1994","France","Population on 1 January - total","59,104,320",""
"1994","Italy","Population on 1 January - total","56,842,392",""
"1995","Belgium","Population on 1 January - total","10,130,574",""
"1995","Germany including former GDR","Population on 1 January - total","81,538,603",""
"1995","Spain","Population on 1 January - total","39,639,726",""
"1995","France","Population on 1 January - total","59,315,139",""
"1995","Italy","Population on 1 January - total","56,844,408",""
"1996","Belgium","Population on 1 January - total","10,143,047",""
"1996","Germany including former GDR","Population on 1 January - total","81,817,499",""
"1996","Spain","Population on 1 January - total","39,808,374",""
"1996","France","Population on 1 January - total","59,522,297",""
"1996","Italy","Population on 1 January - total","56,844,197",""
"1997","Belgium","Population on 1 January - total","10,170,226",""
"1997","Germany including former GDR","Population on 1 January - total","82,012,162",""
"1997","Spain","Population on 1 January - total","39,971,329",""
"1997","France","Population on 1 January - total","59,726,386",""
"1997","Italy","Population on 1 January - total","56,876,364",""
"1998","Belgium","Population on 1 January - total","10,192,264",""
"1998","Germany including former GDR","Population on 1 January - total","82,057,379",""
"1998","Spain","Population on 1 January - total","40,143,449",""
"1998","France","Population on 1 January - total","59,934,884",""
"1998","Italy","Population on 1 January - total","56,904,379",""
"1999","Belgium","Population on 1 January - total","10,213,752",""
"1999","Germany including former GDR","Population on 1 January - total","82,037,011",""
"1999","Spain","Population on 1 January - total","40,303,568",""
"1999","France","Population on 1 January - total","60,158,533",""
"1999","Italy","Population on 1 January - total","56,909,109",""
"2000","Belgium","Population on 1 January - total","10,239,085",""
"2000","Germany including former GDR","Population on 1 January - total","82,163,475",""
"2000","Spain","Population on 1 January - total","40,470,182",""
"2000","France","Population on 1 January - total","60,545,022",""
"2000","Italy","Population on 1 January - total","56,923,524",""
"2001","Belgium","Population on 1 January - total","10,263,414",""
"2001","Germany including former GDR","Population on 1 January - total","82,259,540",""
"2001","Spain","Population on 1 January - total","40,665,545",""
"2001","France","Population on 1 January - total","60,979,315",""
"2001","Italy","Population on 1 January - total","56,960,692",""
"2002","Belgium","Population on 1 January - total","10,309,725",""
"2002","Germany including former GDR","Population on 1 January - total","82,440,309",""
"2002","Spain","Population on 1 January - total","41,035,278",""
"2002","France","Population on 1 January - total","61,424,036",""
"2002","Italy","Population on 1 January - total","56,987,507",""
"2003","Belgium","Population on 1 January - total","10,355,844",""
"2003","Germany including former GDR","Population on 1 January - total","82,536,680",""
"2003","Spain","Population on 1 January - total","41,827,838",""
"2003","France","Population on 1 January - total","61,864,088",""
"2003","Italy","Population on 1 January - total","57,130,506",""
"2004","Belgium","Population on 1 January - total","10,396,421",""
"2004","Germany including former GDR","Population on 1 January - total","82,531,671",""
"2004","Spain","Population on 1 January - total","42,547,451",""
"2004","France","Population on 1 January - total","62,292,241",""
"2004","Italy","Population on 1 January - total","57,495,900",""
"2005","Belgium","Population on 1 January - total","10,445,852",""
"2005","Germany including former GDR","Population on 1 January - total","82,500,849",""
"2005","Spain","Population on 1 January - total","43,296,338",""
"2005","France","Population on 1 January - total","62,772,870",""
"2005","Italy","Population on 1 January - total","57,874,753",""
"2006","Belgium","Population on 1 January - total","10,511,382",""
"2006","Germany including former GDR","Population on 1 January - total","82,437,995",""
"2006","Spain","Population on 1 January - total","44,009,971",""
"2006","France","Population on 1 January - total","63,229,635",""
"2006","Italy","Population on 1 January - total","58,064,214",""
"2007","Belgium","Population on 1 January - total","10,584,534",""
"2007","Germany including former GDR","Population on 1 January - total","82,314,906",""
"2007","Spain","Population on 1 January - total","44,784,666",""
"2007","France","Population on 1 January - total","63,645,065",""
"2007","Italy","Population on 1 January - total","58,223,744",""
"2008","Belgium","Population on 1 January - total","10,666,866",""
"2008","Germany including former GDR","Population on 1 January - total","82,217,837",""
"2008","Spain","Population on 1 January - total","45,668,939",""
"2008","France","Population on 1 January - total","64,007,193",""
"2008","Italy","Population on 1 January - total","58,652,875",""
"2009","Belgium","Population on 1 January - total","10,753,080",""
"2009","Germany including former GDR","Population on 1 January - total","82,002,356",""
"2009","Spain","Population on 1 January - total","46,239,273",""
"2009","France","Population on 1 January - total","64,350,226",""
"2009","Italy","Population on 1 January - total","59,000,586",""
"2010","Belgium","Population on 1 January - total","10,839,905",""
"2010","Germany including former GDR","Population on 1 January - total","81,802,257",""
"2010","Spain","Population on 1 January - total","46,486,619",""
"2010","France","Population on 1 January - total","64,658,856",""
"2010","Italy","Population on 1 January - total","59,190,143",""
"2011","Belgium","Population on 1 January - total","11,000,638","b"
"2011","Germany including former GDR","Population on 1 January - total","80,222,065","b"
"2011","Spain","Population on 1 January - total","46,667,174",""
"2011","France","Population on 1 January - total","64,978,721",""
"2011","Italy","Population on 1 January - total","59,364,690",""
"2012","Belgium","Population on 1 January - total","11,075,889","b"
"2012","Germany including former GDR","Population on 1 January - total","80,327,900",""
"2012","Spain","Population on 1 January - total","46,818,219",""
"2012","France","Population on 1 January - total","65,276,983",""
"2012","Italy","Population on 1 January - total","59,394,207",""
"2013","Belgium","Population on 1 January - total","11,137,974",""
"2013","Germany including former GDR","Population on 1 January - total","80,523,746",""
"2013","Spain","Population on 1 January - total","46,727,890",""
"2013","France","Population on 1 January - total","65,600,350",""
"2013","Italy","Population on 1 January - total","59,685,227",""
"2014","Belgium","Population on 1 January - total","11,180,840",""
"2014","Germany including former GDR","Population on 1 January - total","80,767,463",""
"2014","Spain","Population on 1 January - total","46,512,199",""
"2014","France","Population on 1 January - total","66,165,980","b"
"2014","Italy","Population on 1 January - total","60,782,668",""
"2015","Belgium","Population on 1 January - total","11,237,274",""
"2015","Germany including former GDR","Population on 1 January - total","81,197,537",""
"2015","Spain","Population on 1 January - total","46,449,565",""
"2015","France","Population on 1 January - total","66,458,153",""
"2015","Italy","Population on 1 January - total","60,795,612",""
"2016","Belgium","Population on 1 January - total","11,311,117",""
"2016","Germany including former GDR","Population on 1 January - total","82,175,684",""
"2016","Spain","Population on 1 January - total","46,440,099",""
"2016","France","Population on 1 January - total","66,638,391",""
"2016","Italy","Population on 1 January - total","60,665,551",""
"2017","Belgium","Population on 1 January - total","11,351,727",""
"2017","Germany including former GDR","Population on 1 January - total","82,521,653",""
"2017","Spain","Population on 1 January - total","46,528,024",""
"2017","France","Population on 1 January - total","66,809,816",""
"2017","Italy","Population on 1 January - total","60,589,445",""
"2018","Belgium","Population on 1 January - total","11,398,589",""
"2018","Germany including former GDR","Population on 1 January - total","82,792,351",""
"2018","Spain","Population on 1 January - total","46,658,447",""
"2018","France","Population on 1 January - total","66,918,941","p"
"2018","Italy","Population on 1 January - total","60,483,973",""
