"TIME","GEO","NRG_BAL","SIEC","UNIT","Value","Flag and Footnotes"
"1990","Belgium","Primary energy consumption (Europe 2020-2030)","Total","Thousand tonnes of oil equivalent (TOE)","45,630.231",""
"1990","Germany (until 1990 former territory of the FRG)","Primary energy consumption (Europe 2020-2030)","Total","Thousand tonnes of oil equivalent (TOE)","332,632.998",""
"1990","Spain","Primary energy consumption (Europe 2020-2030)","Total","Thousand tonnes of oil equivalent (TOE)","82,555.270",""
"1990","France","Primary energy consumption (Europe 2020-2030)","Total","Thousand tonnes of oil equivalent (TOE)","213,041.669",""
"1990","Italy","Primary energy consumption (Europe 2020-2030)","Total","Thousand tonnes of oil equivalent (TOE)","137,710.039",""
"1991","Belgium","Primary energy consumption (Europe 2020-2030)","Total","Thousand tonnes of oil equivalent (TOE)","47,508.360",""
"1991","Germany (until 1990 former territory of the FRG)","Primary energy consumption (Europe 2020-2030)","Total","Thousand tonnes of oil equivalent (TOE)","326,495.891",""
"1991","Spain","Primary energy consumption (Europe 2020-2030)","Total","Thousand tonnes of oil equivalent (TOE)","85,717.452",""
"1991","France","Primary energy consumption (Europe 2020-2030)","Total","Thousand tonnes of oil equivalent (TOE)","224,028.204",""
"1991","Italy","Primary energy consumption (Europe 2020-2030)","Total","Thousand tonnes of oil equivalent (TOE)","141,673.455",""
"1992","Belgium","Primary energy consumption (Europe 2020-2030)","Total","Thousand tonnes of oil equivalent (TOE)","47,855.760",""
"1992","Germany (until 1990 former territory of the FRG)","Primary energy consumption (Europe 2020-2030)","Total","Thousand tonnes of oil equivalent (TOE)","319,461.903",""
"1992","Spain","Primary energy consumption (Europe 2020-2030)","Total","Thousand tonnes of oil equivalent (TOE)","87,625.653",""
"1992","France","Primary energy consumption (Europe 2020-2030)","Total","Thousand tonnes of oil equivalent (TOE)","219,970.872",""
"1992","Italy","Primary energy consumption (Europe 2020-2030)","Total","Thousand tonnes of oil equivalent (TOE)","140,934.493",""
"1993","Belgium","Primary energy consumption (Europe 2020-2030)","Total","Thousand tonnes of oil equivalent (TOE)","46,628.747",""
"1993","Germany (until 1990 former territory of the FRG)","Primary energy consumption (Europe 2020-2030)","Total","Thousand tonnes of oil equivalent (TOE)","317,417.824",""
"1993","Spain","Primary energy consumption (Europe 2020-2030)","Total","Thousand tonnes of oil equivalent (TOE)","84,684.797",""
"1993","France","Primary energy consumption (Europe 2020-2030)","Total","Thousand tonnes of oil equivalent (TOE)","225,787.190",""
"1993","Italy","Primary energy consumption (Europe 2020-2030)","Total","Thousand tonnes of oil equivalent (TOE)","141,065.488",""
"1994","Belgium","Primary energy consumption (Europe 2020-2030)","Total","Thousand tonnes of oil equivalent (TOE)","47,580.223",""
"1994","Germany (until 1990 former territory of the FRG)","Primary energy consumption (Europe 2020-2030)","Total","Thousand tonnes of oil equivalent (TOE)","314,219.822",""
"1994","Spain","Primary energy consumption (Europe 2020-2030)","Total","Thousand tonnes of oil equivalent (TOE)","89,197.363",""
"1994","France","Primary energy consumption (Europe 2020-2030)","Total","Thousand tonnes of oil equivalent (TOE)","215,955.505",""
"1994","Italy","Primary energy consumption (Europe 2020-2030)","Total","Thousand tonnes of oil equivalent (TOE)","138,968.535",""
"1995","Belgium","Primary energy consumption (Europe 2020-2030)","Total","Thousand tonnes of oil equivalent (TOE)","48,239.737",""
"1995","Germany (until 1990 former territory of the FRG)","Primary energy consumption (Europe 2020-2030)","Total","Thousand tonnes of oil equivalent (TOE)","317,359.291",""
"1995","Spain","Primary energy consumption (Europe 2020-2030)","Total","Thousand tonnes of oil equivalent (TOE)","94,723.108",""
"1995","France","Primary energy consumption (Europe 2020-2030)","Total","Thousand tonnes of oil equivalent (TOE)","224,138.119",""
"1995","Italy","Primary energy consumption (Europe 2020-2030)","Total","Thousand tonnes of oil equivalent (TOE)","151,404.304",""
"1996","Belgium","Primary energy consumption (Europe 2020-2030)","Total","Thousand tonnes of oil equivalent (TOE)","51,068.913",""
"1996","Germany (until 1990 former territory of the FRG)","Primary energy consumption (Europe 2020-2030)","Total","Thousand tonnes of oil equivalent (TOE)","329,545.347",""
"1996","Spain","Primary energy consumption (Europe 2020-2030)","Total","Thousand tonnes of oil equivalent (TOE)","94,467.704",""
"1996","France","Primary energy consumption (Europe 2020-2030)","Total","Thousand tonnes of oil equivalent (TOE)","238,198.257",""
"1996","Italy","Primary energy consumption (Europe 2020-2030)","Total","Thousand tonnes of oil equivalent (TOE)","151,368.894",""
"1997","Belgium","Primary energy consumption (Europe 2020-2030)","Total","Thousand tonnes of oil equivalent (TOE)","51,278.722",""
"1997","Germany (until 1990 former territory of the FRG)","Primary energy consumption (Europe 2020-2030)","Total","Thousand tonnes of oil equivalent (TOE)","325,356.815",""
"1997","Spain","Primary energy consumption (Europe 2020-2030)","Total","Thousand tonnes of oil equivalent (TOE)","99,634.397",""
"1997","France","Primary energy consumption (Europe 2020-2030)","Total","Thousand tonnes of oil equivalent (TOE)","229,463.501",""
"1997","Italy","Primary energy consumption (Europe 2020-2030)","Total","Thousand tonnes of oil equivalent (TOE)","153,249.660",""
"1998","Belgium","Primary energy consumption (Europe 2020-2030)","Total","Thousand tonnes of oil equivalent (TOE)","52,568.644",""
"1998","Germany (until 1990 former territory of the FRG)","Primary energy consumption (Europe 2020-2030)","Total","Thousand tonnes of oil equivalent (TOE)","322,562.598",""
"1998","Spain","Primary energy consumption (Europe 2020-2030)","Total","Thousand tonnes of oil equivalent (TOE)","103,869.593",""
"1998","France","Primary energy consumption (Europe 2020-2030)","Total","Thousand tonnes of oil equivalent (TOE)","237,845.633",""
"1998","Italy","Primary energy consumption (Europe 2020-2030)","Total","Thousand tonnes of oil equivalent (TOE)","158,292.017",""
"1999","Belgium","Primary energy consumption (Europe 2020-2030)","Total","Thousand tonnes of oil equivalent (TOE)","52,277.204",""
"1999","Germany (until 1990 former territory of the FRG)","Primary energy consumption (Europe 2020-2030)","Total","Thousand tonnes of oil equivalent (TOE)","315,565.531",""
"1999","Spain","Primary energy consumption (Europe 2020-2030)","Total","Thousand tonnes of oil equivalent (TOE)","109,729.666",""
"1999","France","Primary energy consumption (Europe 2020-2030)","Total","Thousand tonnes of oil equivalent (TOE)","238,192.509",""
"1999","Italy","Primary energy consumption (Europe 2020-2030)","Total","Thousand tonnes of oil equivalent (TOE)","162,254.851",""
"2000","Belgium","Primary energy consumption (Europe 2020-2030)","Total","Thousand tonnes of oil equivalent (TOE)","52,435.821",""
"2000","Germany (until 1990 former territory of the FRG)","Primary energy consumption (Europe 2020-2030)","Total","Thousand tonnes of oil equivalent (TOE)","317,130.591",""
"2000","Spain","Primary energy consumption (Europe 2020-2030)","Total","Thousand tonnes of oil equivalent (TOE)","114,461.931",""
"2000","France","Primary energy consumption (Europe 2020-2030)","Total","Thousand tonnes of oil equivalent (TOE)","239,779.022",""
"2000","Italy","Primary energy consumption (Europe 2020-2030)","Total","Thousand tonnes of oil equivalent (TOE)","166,110.856",""
"2001","Belgium","Primary energy consumption (Europe 2020-2030)","Total","Thousand tonnes of oil equivalent (TOE)","52,144.792",""
"2001","Germany (until 1990 former territory of the FRG)","Primary energy consumption (Europe 2020-2030)","Total","Thousand tonnes of oil equivalent (TOE)","327,119.878",""
"2001","Spain","Primary energy consumption (Europe 2020-2030)","Total","Thousand tonnes of oil equivalent (TOE)","117,469.317",""
"2001","France","Primary energy consumption (Europe 2020-2030)","Total","Thousand tonnes of oil equivalent (TOE)","248,714.460",""
"2001","Italy","Primary energy consumption (Europe 2020-2030)","Total","Thousand tonnes of oil equivalent (TOE)","165,435.079",""
"2002","Belgium","Primary energy consumption (Europe 2020-2030)","Total","Thousand tonnes of oil equivalent (TOE)","50,095.525",""
"2002","Germany (until 1990 former territory of the FRG)","Primary energy consumption (Europe 2020-2030)","Total","Thousand tonnes of oil equivalent (TOE)","319,413.891",""
"2002","Spain","Primary energy consumption (Europe 2020-2030)","Total","Thousand tonnes of oil equivalent (TOE)","121,305.416",""
"2002","France","Primary energy consumption (Europe 2020-2030)","Total","Thousand tonnes of oil equivalent (TOE)","248,877.773",""
"2002","Italy","Primary energy consumption (Europe 2020-2030)","Total","Thousand tonnes of oil equivalent (TOE)","166,700.248",""
"2003","Belgium","Primary energy consumption (Europe 2020-2030)","Total","Thousand tonnes of oil equivalent (TOE)","52,620.589",""
"2003","Germany (until 1990 former territory of the FRG)","Primary energy consumption (Europe 2020-2030)","Total","Thousand tonnes of oil equivalent (TOE)","321,918.262",""
"2003","Spain","Primary energy consumption (Europe 2020-2030)","Total","Thousand tonnes of oil equivalent (TOE)","126,053.802",""
"2003","France","Primary energy consumption (Europe 2020-2030)","Total","Thousand tonnes of oil equivalent (TOE)","255,004.903",""
"2003","Italy","Primary energy consumption (Europe 2020-2030)","Total","Thousand tonnes of oil equivalent (TOE)","175,784.005",""
"2004","Belgium","Primary energy consumption (Europe 2020-2030)","Total","Thousand tonnes of oil equivalent (TOE)","52,345.317",""
"2004","Germany (until 1990 former territory of the FRG)","Primary energy consumption (Europe 2020-2030)","Total","Thousand tonnes of oil equivalent (TOE)","323,712.673",""
"2004","Spain","Primary energy consumption (Europe 2020-2030)","Total","Thousand tonnes of oil equivalent (TOE)","132,822.775",""
"2004","France","Primary energy consumption (Europe 2020-2030)","Total","Thousand tonnes of oil equivalent (TOE)","259,274.763",""
"2004","Italy","Primary energy consumption (Europe 2020-2030)","Total","Thousand tonnes of oil equivalent (TOE)","177,659.204",""
"2005","Belgium","Primary energy consumption (Europe 2020-2030)","Total","Thousand tonnes of oil equivalent (TOE)","51,561.102",""
"2005","Germany (until 1990 former territory of the FRG)","Primary energy consumption (Europe 2020-2030)","Total","Thousand tonnes of oil equivalent (TOE)","321,617.144",""
"2005","Spain","Primary energy consumption (Europe 2020-2030)","Total","Thousand tonnes of oil equivalent (TOE)","136,043.215",""
"2005","France","Primary energy consumption (Europe 2020-2030)","Total","Thousand tonnes of oil equivalent (TOE)","260,921.336",""
"2005","Italy","Primary energy consumption (Europe 2020-2030)","Total","Thousand tonnes of oil equivalent (TOE)","180,834.427",""
"2006","Belgium","Primary energy consumption (Europe 2020-2030)","Total","Thousand tonnes of oil equivalent (TOE)","51,408.839",""
"2006","Germany (until 1990 former territory of the FRG)","Primary energy consumption (Europe 2020-2030)","Total","Thousand tonnes of oil equivalent (TOE)","332,745.772",""
"2006","Spain","Primary energy consumption (Europe 2020-2030)","Total","Thousand tonnes of oil equivalent (TOE)","136,218.397",""
"2006","France","Primary energy consumption (Europe 2020-2030)","Total","Thousand tonnes of oil equivalent (TOE)","256,173.404",""
"2006","Italy","Primary energy consumption (Europe 2020-2030)","Total","Thousand tonnes of oil equivalent (TOE)","178,950.462",""
"2007","Belgium","Primary energy consumption (Europe 2020-2030)","Total","Thousand tonnes of oil equivalent (TOE)","50,324.197",""
"2007","Germany (until 1990 former territory of the FRG)","Primary energy consumption (Europe 2020-2030)","Total","Thousand tonnes of oil equivalent (TOE)","315,788.196",""
"2007","Spain","Primary energy consumption (Europe 2020-2030)","Total","Thousand tonnes of oil equivalent (TOE)","138,849.823",""
"2007","France","Primary energy consumption (Europe 2020-2030)","Total","Thousand tonnes of oil equivalent (TOE)","252,660.338",""
"2007","Italy","Primary energy consumption (Europe 2020-2030)","Total","Thousand tonnes of oil equivalent (TOE)","178,673.180",""
"2008","Belgium","Primary energy consumption (Europe 2020-2030)","Total","Thousand tonnes of oil equivalent (TOE)","51,126.161",""
"2008","Germany (until 1990 former territory of the FRG)","Primary energy consumption (Europe 2020-2030)","Total","Thousand tonnes of oil equivalent (TOE)","320,756.927",""
"2008","Spain","Primary energy consumption (Europe 2020-2030)","Total","Thousand tonnes of oil equivalent (TOE)","133,932.048",""
"2008","France","Primary energy consumption (Europe 2020-2030)","Total","Thousand tonnes of oil equivalent (TOE)","255,395.065",""
"2008","Italy","Primary energy consumption (Europe 2020-2030)","Total","Thousand tonnes of oil equivalent (TOE)","176,119.722",""
"2009","Belgium","Primary energy consumption (Europe 2020-2030)","Total","Thousand tonnes of oil equivalent (TOE)","50,465.797",""
"2009","Germany (until 1990 former territory of the FRG)","Primary energy consumption (Europe 2020-2030)","Total","Thousand tonnes of oil equivalent (TOE)","299,919.953",""
"2009","Spain","Primary energy consumption (Europe 2020-2030)","Total","Thousand tonnes of oil equivalent (TOE)","122,924.414",""
"2009","France","Primary energy consumption (Europe 2020-2030)","Total","Thousand tonnes of oil equivalent (TOE)","246,321.826",""
"2009","Italy","Primary energy consumption (Europe 2020-2030)","Total","Thousand tonnes of oil equivalent (TOE)","164,083.507",""
"2010","Belgium","Primary energy consumption (Europe 2020-2030)","Total","Thousand tonnes of oil equivalent (TOE)","54,138.674",""
"2010","Germany (until 1990 former territory of the FRG)","Primary energy consumption (Europe 2020-2030)","Total","Thousand tonnes of oil equivalent (TOE)","315,154.270",""
"2010","Spain","Primary energy consumption (Europe 2020-2030)","Total","Thousand tonnes of oil equivalent (TOE)","122,880.018",""
"2010","France","Primary energy consumption (Europe 2020-2030)","Total","Thousand tonnes of oil equivalent (TOE)","254,447.123",""
"2010","Italy","Primary energy consumption (Europe 2020-2030)","Total","Thousand tonnes of oil equivalent (TOE)","167,284.477",""
"2011","Belgium","Primary energy consumption (Europe 2020-2030)","Total","Thousand tonnes of oil equivalent (TOE)","50,521.640",""
"2011","Germany (until 1990 former territory of the FRG)","Primary energy consumption (Europe 2020-2030)","Total","Thousand tonnes of oil equivalent (TOE)","297,797.160",""
"2011","Spain","Primary energy consumption (Europe 2020-2030)","Total","Thousand tonnes of oil equivalent (TOE)","122,521.956",""
"2011","France","Primary energy consumption (Europe 2020-2030)","Total","Thousand tonnes of oil equivalent (TOE)","249,188.690",""
"2011","Italy","Primary energy consumption (Europe 2020-2030)","Total","Thousand tonnes of oil equivalent (TOE)","162,004.633",""
"2012","Belgium","Primary energy consumption (Europe 2020-2030)","Total","Thousand tonnes of oil equivalent (TOE)","47,780.508",""
"2012","Germany (until 1990 former territory of the FRG)","Primary energy consumption (Europe 2020-2030)","Total","Thousand tonnes of oil equivalent (TOE)","301,124.019",""
"2012","Spain","Primary energy consumption (Europe 2020-2030)","Total","Thousand tonnes of oil equivalent (TOE)","122,896.197",""
"2012","France","Primary energy consumption (Europe 2020-2030)","Total","Thousand tonnes of oil equivalent (TOE)","249,148.934",""
"2012","Italy","Primary energy consumption (Europe 2020-2030)","Total","Thousand tonnes of oil equivalent (TOE)","156,560.636",""
"2013","Belgium","Primary energy consumption (Europe 2020-2030)","Total","Thousand tonnes of oil equivalent (TOE)","49,337.236",""
"2013","Germany (until 1990 former territory of the FRG)","Primary energy consumption (Europe 2020-2030)","Total","Thousand tonnes of oil equivalent (TOE)","308,287.928",""
"2013","Spain","Primary energy consumption (Europe 2020-2030)","Total","Thousand tonnes of oil equivalent (TOE)","115,557.008",""
"2013","France","Primary energy consumption (Europe 2020-2030)","Total","Thousand tonnes of oil equivalent (TOE)","250,374.642",""
"2013","Italy","Primary energy consumption (Europe 2020-2030)","Total","Thousand tonnes of oil equivalent (TOE)","152,051.731",""
"2014","Belgium","Primary energy consumption (Europe 2020-2030)","Total","Thousand tonnes of oil equivalent (TOE)","45,704.674",""
"2014","Germany (until 1990 former territory of the FRG)","Primary energy consumption (Europe 2020-2030)","Total","Thousand tonnes of oil equivalent (TOE)","293,600.334",""
"2014","Spain","Primary energy consumption (Europe 2020-2030)","Total","Thousand tonnes of oil equivalent (TOE)","113,685.567",""
"2014","France","Primary energy consumption (Europe 2020-2030)","Total","Thousand tonnes of oil equivalent (TOE)","239,769.395",""
"2014","Italy","Primary energy consumption (Europe 2020-2030)","Total","Thousand tonnes of oil equivalent (TOE)","142,658.341",""
"2015","Belgium","Primary energy consumption (Europe 2020-2030)","Total","Thousand tonnes of oil equivalent (TOE)","46,057.400",""
"2015","Germany (until 1990 former territory of the FRG)","Primary energy consumption (Europe 2020-2030)","Total","Thousand tonnes of oil equivalent (TOE)","295,929.403",""
"2015","Spain","Primary energy consumption (Europe 2020-2030)","Total","Thousand tonnes of oil equivalent (TOE)","118,035.604",""
"2015","France","Primary energy consumption (Europe 2020-2030)","Total","Thousand tonnes of oil equivalent (TOE)","244,402.481",""
"2015","Italy","Primary energy consumption (Europe 2020-2030)","Total","Thousand tonnes of oil equivalent (TOE)","149,124.203",""
"2016","Belgium","Primary energy consumption (Europe 2020-2030)","Total","Thousand tonnes of oil equivalent (TOE)","49,184.029",""
"2016","Germany (until 1990 former territory of the FRG)","Primary energy consumption (Europe 2020-2030)","Total","Thousand tonnes of oil equivalent (TOE)","297,625.008",""
"2016","Spain","Primary energy consumption (Europe 2020-2030)","Total","Thousand tonnes of oil equivalent (TOE)","118,728.657",""
"2016","France","Primary energy consumption (Europe 2020-2030)","Total","Thousand tonnes of oil equivalent (TOE)","240,109.898",""
"2016","Italy","Primary energy consumption (Europe 2020-2030)","Total","Thousand tonnes of oil equivalent (TOE)","147,971.065",""
"2017","Belgium","Primary energy consumption (Europe 2020-2030)","Total","Thousand tonnes of oil equivalent (TOE)","49,094.575",""
"2017","Germany (until 1990 former territory of the FRG)","Primary energy consumption (Europe 2020-2030)","Total","Thousand tonnes of oil equivalent (TOE)","298,121.279",""
"2017","Spain","Primary energy consumption (Europe 2020-2030)","Total","Thousand tonnes of oil equivalent (TOE)","125,217.357",""
"2017","France","Primary energy consumption (Europe 2020-2030)","Total","Thousand tonnes of oil equivalent (TOE)","239,152.152",""
"2017","Italy","Primary energy consumption (Europe 2020-2030)","Total","Thousand tonnes of oil equivalent (TOE)","148,947.608",""
"2018","Belgium","Primary energy consumption (Europe 2020-2030)","Total","Thousand tonnes of oil equivalent (TOE)","46,838.088",""
"2018","Germany (until 1990 former territory of the FRG)","Primary energy consumption (Europe 2020-2030)","Total","Thousand tonnes of oil equivalent (TOE)","291,747.304",""
"2018","Spain","Primary energy consumption (Europe 2020-2030)","Total","Thousand tonnes of oil equivalent (TOE)","124,587.458",""
"2018","France","Primary energy consumption (Europe 2020-2030)","Total","Thousand tonnes of oil equivalent (TOE)","238,896.135",""
"2018","Italy","Primary energy consumption (Europe 2020-2030)","Total","Thousand tonnes of oil equivalent (TOE)","147,243.533",""
